year_month,monthly_revenue
2024-02,8115.389999999998
2024-03,10016.439999999997
2024-04,5815.02
2024-05,7229.5199999999995
2024-06,8251.89
2024-07,3936.03
