customer_id,total_spend
12,7601.810000000001
11,7317.2699999999995
1,5345.13
5,5342.059999999999
2,4102.35
